{
    "accuracy": 0.64,
    "precision": 0.6,
    "recall": 0.5892857142857143,
    "auc": 0.6669254658385094
}